{
  "train_losses": [
    8.447890583674113,
    7.177284638086955,
    6.586142237981161,
    6.307922379175822,
    6.056373023986817,
    5.732365894317627,
    5.351929076512655,
    5.016222270329793,
    4.7376593430837,
    4.490492566426595,
    4.260893249511719,
    4.065241130193074,
    3.9054528872172036,
    3.771698220570882,
    3.6583154439926147,
    3.552908174196879,
    3.4925530036290486,
    3.4322760581970213,
    3.3854512929916383,
    3.3658852259318035
  ],
  "val_losses": [
    7.56686395406723,
    6.82567286491394,
    6.553360819816589,
    6.424309194087982,
    6.125323235988617,
    5.844492495059967,
    5.5045400857925415,
    5.279258489608765,
    5.067438006401062,
    4.875303506851196,
    4.704797208309174,
    4.547567307949066,
    4.459023743867874,
    4.381308138370514,
    4.332436680793762,
    4.284722208976746,
    4.245358109474182,
    4.220716804265976,
    4.221551328897476,
    4.207879066467285
  ],
  "train_accuracies": [
    4.106027662115549,
    5.660957367374024,
    6.414304539223371,
    6.629406427617507,
    8.431625481626932,
    10.68282529980648,
    14.15006140731478,
    16.980761831463514,
    19.362647128643978,
    21.337840799710772,
    23.211274028738355,
    25.251333235985395,
    26.894213460345377,
    28.05483083520489,
    29.369911299934305,
    30.12385994529148,
    30.925381216084563,
    31.649036152948025,
    31.974984523327795,
    32.255973429496116
  ],
  "val_accuracies": [
    3.787150109486914,
    7.3594181589493655,
    7.771001558055933,
    9.039783526386426,
    10.91872277156956,
    14.24043289263788,
    17.82593777378205,
    19.346200624855236,
    21.30782668595569,
    22.696688937747098,
    24.635579222430515,
    25.703667536789318,
    27.390269007094318,
    28.010416679309547,
    28.733094381801816,
    29.600472324501816,
    30.2596747188771,
    30.930036147672737,
    30.58715321964696,
    30.80676773046536
  ],
  "val_bleu_scores": [
    0.4484319411386572,
    0.8501511356917675,
    0.9932918708000994,
    0.8133550300991503,
    0.9834737876050961,
    0.7872362197302795,
    1.2861690720050667,
    1.5968977621192126,
    0.9277353634048039,
    1.2594212435197973,
    0.7399303559383383,
    1.603711006652894,
    1.155147947167894,
    2.0968123918685366,
    1.2363578995108147,
    1.1093082152956117,
    1.9100411706664873,
    1.7267042682675513,
    1.2557365430772331,
    1.292683175765856
  ],
  "val_rouge_scores": [
    {
      "rouge1": 20.16713210847507,
      "rouge2": 0.2851602930762107,
      "rougeL": 12.062685197954801
    },
    {
      "rouge1": 34.78313974120869,
      "rouge2": 2.4047368613361804,
      "rougeL": 20.988853708699132
    },
    {
      "rouge1": 34.256092086401964,
      "rouge2": 1.780779683698966,
      "rougeL": 19.947869319785244
    },
    {
      "rouge1": 35.444703484256095,
      "rouge2": 1.7873705516488063,
      "rougeL": 19.355165035672652
    },
    {
      "rouge1": 33.230552273528396,
      "rouge2": 2.74134148760504,
      "rougeL": 19.853564868237935
    },
    {
      "rouge1": 29.543840371624622,
      "rouge2": 1.4101441648011614,
      "rougeL": 17.59663999363932
    },
    {
      "rouge1": 34.349054901380825,
      "rouge2": 4.576492866483276,
      "rougeL": 20.045351826687103
    },
    {
      "rouge1": 25.71768710535658,
      "rouge2": 4.086066655705244,
      "rougeL": 16.984428368430155
    },
    {
      "rouge1": 19.812146562216736,
      "rouge2": 1.5529651781811638,
      "rougeL": 12.7218619020901
    },
    {
      "rouge1": 22.37545674285222,
      "rouge2": 2.8874019456180875,
      "rougeL": 14.500818315467654
    },
    {
      "rouge1": 15.866250625903092,
      "rouge2": 1.5907956824060971,
      "rougeL": 9.969116489782582
    },
    {
      "rouge1": 18.829167316832887,
      "rouge2": 3.1899931675334248,
      "rougeL": 11.982700916369467
    },
    {
      "rouge1": 19.6375879394519,
      "rouge2": 1.753052828763927,
      "rougeL": 11.963362587277008
    },
    {
      "rouge1": 24.109906638029585,
      "rouge2": 3.552602458293702,
      "rougeL": 15.270409326798221
    },
    {
      "rouge1": 19.277630424598872,
      "rouge2": 2.4923662256180137,
      "rougeL": 12.16153595349065
    },
    {
      "rouge1": 23.15373618728398,
      "rouge2": 2.7515764371718534,
      "rougeL": 15.365650019250086
    },
    {
      "rouge1": 24.179590014674922,
      "rouge2": 3.160826799933381,
      "rougeL": 14.443164111118866
    },
    {
      "rouge1": 24.45704398441345,
      "rouge2": 3.650471707489539,
      "rougeL": 14.407927093940923
    },
    {
      "rouge1": 22.581811455889735,
      "rouge2": 3.0224874252063083,
      "rougeL": 13.601693466500077
    },
    {
      "rouge1": 24.313028370299982,
      "rouge2": 3.3166300580540478,
      "rougeL": 15.569840791955656
    }
  ],
  "val_perplexities": [
    1933.068574118574,
    921.1960360549068,
    701.5981609394554,
    616.654681671428,
    457.2925027764004,
    345.3272420208427,
    245.8053802916607,
    196.22431902113462,
    158.76704568480596,
    131.0139107966924,
    110.47587908537213,
    94.40247659738087,
    86.40311633639924,
    79.94254094026347,
    76.12956419320794,
    72.58238118504218,
    69.78074481584633,
    68.08226846345076,
    68.1391085073615,
    67.21383245608766
  ],
  "best_val_loss": 4.207879066467285,
  "best_accuracy": 30.930036147672737,
  "best_model_path": "blip model/training_output\\models\\best_model.pth"
}